{
  "name": "EB Garamond",
  "designer": "Georg Duffner",
  "license": "OFL",
  "visibility": "External",
  "category": "Serif",
  "size": 120378,
  "fonts": [
    {
      "name": "EB Garamond",
      "style": "normal",
      "weight": 400,
      "filename": "EBGaramond-Regular.ttf",
      "postScriptName": "EBGaramond",
      "fullName": "EB Garamond",
      "copyright": "Copyright (c) 2010, 2011, 2012 Georg Duffner (http://www.georgduffner.at g.duffner@gmail.com)"
    }
  ],
  "subsets": [
    "cyrillic",
    "cyrillic-ext",
    "latin",
    "latin-ext",
    "menu",
    "vietnamese"
  ],
  "dateAdded": "2011-03-23"
}
