{
  "name": "Crete Round",
  "designer": "TypeTogether",
  "license": "OFL",
  "visibility": "External",
  "category": "Serif",
  "size": 24652,
  "fonts": [
    {
      "name": "Crete Round",
      "style": "normal",
      "weight": 400,
      "filename": "CreteRound-Regular.ttf",
      "postScriptName": "CreteRound-Regular",
      "fullName": "Crete Round",
      "copyright": "Copyright (c) 2011, TypeTogether (www.type-together.com info@type-together.com), with Reserved Font Names \"Crete\" and \"Crete Round\""
    },
    {
      "name": "Crete Round",
      "style": "italic",
      "weight": 400,
      "filename": "CreteRound-Italic.ttf",
      "postScriptName": "CreteRound-Italic",
      "fullName": "Crete Round Italic",
      "copyright": "Copyright (c) 2011, TypeTogether (www.type-together.com info@type-together.com), with Reserved Font Names \"Crete\" and \"Crete Round\""
    }
  ],
  "subsets": [
    "latin",
    "latin-ext",
    "menu"
  ],
  "dateAdded": "2011-12-19"
}
