{
  "name": "Crimson Text",
  "designer": "Sebastian Kosch",
  "license": "OFL",
  "visibility": "External",
  "category": "Serif",
  "size": 96066,
  "fonts": [
    {
      "name": "Crimson Text",
      "style": "normal",
      "weight": 700,
      "filename": "CrimsonText-Bold.ttf",
      "postScriptName": "CrimsonText-Bold",
      "fullName": "Crimson Text Bold",
      "copyright": "Copyright (c) 2010, Sebastian Kosch (sebastian@aldusleaf.org), with Reserved Font Name \"Crimson\"."
    },
    {
      "name": "Crimson Text",
      "style": "italic",
      "weight": 700,
      "filename": "CrimsonText-BoldItalic.ttf",
      "postScriptName": "CrimsonText-BoldItalic",
      "fullName": "Crimson Text Bold Italic",
      "copyright": "Copyright (c) 2010, Sebastian Kosch (sebastian@aldusleaf.org), with Reserved Font Name \"Crimson\"."
    },
    {
      "name": "Crimson Text",
      "style": "italic",
      "weight": 400,
      "filename": "CrimsonText-Italic.ttf",
      "postScriptName": "CrimsonText-Italic",
      "fullName": "Crimson Text Italic",
      "copyright": "Copyright (c) 2010, Sebastian Kosch (sebastian@aldusleaf.org), with Reserved Font Name \"Crimson\"."
    },
    {
      "name": "Crimson Text",
      "style": "normal",
      "weight": 400,
      "filename": "CrimsonText-Regular.ttf",
      "postScriptName": "CrimsonText-Roman",
      "fullName": "Crimson Text Regular",
      "copyright": "Copyright (c) 2010, Sebastian Kosch (sebastian@aldusleaf.org), with Reserved Font Name \"Crimson\"."
    },
    {
      "name": "Crimson Text",
      "style": "normal",
      "weight": 600,
      "filename": "CrimsonText-Semibold.ttf",
      "postScriptName": "CrimsonText-Semibold",
      "fullName": "Crimson Text Bold",
      "copyright": "Copyright (c) 2010, Sebastian Kosch (sebastian@aldusleaf.org), with Reserved Font Name \"Crimson\"."
    },
    {
      "name": "Crimson Text",
      "style": "italic",
      "weight": 600,
      "filename": "CrimsonText-SemiboldItalic.ttf",
      "postScriptName": "CrimsonText-SemiboldItalic",
      "fullName": "Crimson Text Bold Italic",
      "copyright": "Copyright (c) 2010, Sebastian Kosch (sebastian@aldusleaf.org), with Reserved Font Name \"Crimson\"."
    }
  ],
  "subsets": [
    "latin",
    "menu"
  ],
  "dateAdded": "2011-01-26"
}
