{
  "name": "Bree Serif",
  "designer": "TypeTogether",
  "license": "OFL",
  "visibility": "External",
  "category": "Serif",
  "size": 22540,
  "fonts": [
    {
      "name": "Bree Serif",
      "style": "normal",
      "weight": 400,
      "filename": "BreeSerif-Regular.ttf",
      "postScriptName": "BreeSerif-Regular",
      "fullName": "Bree Serif",
      "copyright": "Copyright (c) 2011, TypeTogether (www.type-together.com info@type-together.com), with Reserved Font Names \"Bree\" and \"Bree Serif\""
    }
  ],
  "subsets": [
    "latin",
    "latin-ext",
    "menu"
  ],
  "dateAdded": "2011-12-19"
}
